"","ID","Description","GeneRatio","BgRatio","pvalue","p.adjust","qvalue","geneID","Count"
"GO:0003924","GO:0003924","GTPase activity","16/385","296/28404",3.35158966681206e-06,0.00165568529540516,0.00157701113796315,"Gbp8/Tgtp1/Gbp7/Iigp1/Gbp3/Gbp2/Gbp6/Gbp10/Gm12185/Gbp4/Irgm2/Gng4/Atl1/9930111J21Rik1/Tube1/Irgc1",16
"GO:0019001","GO:0019001","guanyl nucleotide binding","16/385","384/28404",8.0978709215448e-05,0.0133344941174771,0.0127008712348439,"Pde5a/Gbp8/Samhd1/Tgtp1/Gbp7/Iigp1/Gbp3/Gbp2/Gbp6/Gbp10/Gbp4/Atl1/Nudt16/Tube1/Arl5c/Irgc1",16
"GO:0032561","GO:0032561","guanyl ribonucleotide binding","16/385","384/28404",8.0978709215448e-05,0.0133344941174771,0.0127008712348439,"Pde5a/Gbp8/Samhd1/Tgtp1/Gbp7/Iigp1/Gbp3/Gbp2/Gbp6/Gbp10/Gbp4/Atl1/Nudt16/Tube1/Arl5c/Irgc1",16
"GO:0005525","GO:0005525","GTP binding","15/385","361/28404",0.000138520429249103,0.0171072730122642,0.0162943768090392,"Gbp8/Samhd1/Tgtp1/Gbp7/Iigp1/Gbp3/Gbp2/Gbp6/Gbp10/Gbp4/Atl1/Nudt16/Tube1/Arl5c/Irgc1",15
"GO:0140776","GO:0140776","protein-containing complex destabilizing activity","3/385","10/28404",0.000276259512378013,0.0272944398229476,0.0259974741122046,"Hspa1b/Hspa1a/Katnal1",3
"GO:0003953","GO:0003953","NAD+ nucleosidase activity","3/385","19/28404",0.00203760260308986,0.143796526560913,0.136963663696416,"Tlr2/Sarm1/Art2b",3
"GO:0016208","GO:0016208","AMP binding","3/385","19/28404",0.00203760260308986,0.143796526560913,0.136963663696416,"Pygl/Acss1/Akap7",3
"GO:0005262","GO:0005262","calcium channel activity","6/385","116/28404",0.00507453068222444,0.259051718089875,0.246742207513689,"Cacna1b/Grin2c/Trpv4/Tpcn1/Trpv2/Cacna2d4",6
"GO:0004112","GO:0004112","cyclic-nucleotide phosphodiesterase activity","3/385","26/28404",0.00509727702072119,0.259051718089875,0.246742207513689,"Pde5a/Cnp/Pde9a",3
"GO:0004879","GO:0004879","nuclear receptor activity","4/385","53/28404",0.00576835809511868,0.259051718089875,0.246742207513689,"Rarg/Thrb/Thra/Ar",4
"GO:0098531","GO:0098531","ligand-activated transcription factor activity","4/385","53/28404",0.00576835809511868,0.259051718089875,0.246742207513689,"Rarg/Thrb/Thra/Ar",4
"GO:0050840","GO:0050840","extracellular matrix binding","4/385","57/28404",0.00745995982185462,0.2916025945595,0.27774634512699,"Itga7/Smoc1/Itgb3/Spock2",4
"GO:0015379","GO:0015379","potassium:chloride symporter activity","2/385","10/28404",0.0076737524884079,0.2916025945595,0.27774634512699,"Slc12a8/Slc12a6",2
"GO:0015085","GO:0015085","calcium ion transmembrane transporter activity","6/385","134/28404",0.0100402277445879,0.325035925690228,0.309591005291992,"Cacna1b/Grin2c/Trpv4/Tpcn1/Trpv2/Cacna2d4",6
"GO:0008234","GO:0008234","cysteine-type peptidase activity","7/385","176/28404",0.0104231308085103,0.325035925690228,0.309591005291992,"Senp8/Scrn3/Ctso/Capn2/Usp35/Pgpep1l/Mindy2",7
"GO:0005080","GO:0005080","protein kinase C binding","4/385","64/28404",0.0111479385272269,0.325035925690228,0.309591005291992,"Hspb1/Trpv4/Pea15a/Itgb3",4
"GO:0051015","GO:0051015","actin filament binding","8/385","222/28404",0.0111854468354937,0.325035925690228,0.309591005291992,"Myo1b/Trpv4/Zfp185/Myo1f/Add1/Lasp1/Espn/Myl4",8
"GO:0016832","GO:0016832","aldehyde-lyase activity","2/385","13/28404",0.0129491947462391,0.35538345581345,0.338496494243794,"Hacl1/Aldoc",2
"GO:0047555","GO:0047555","3',5'-cyclic-GMP phosphodiesterase activity","2/385","14/28404",0.0149732496423411,0.389304490700868,0.370805683663516,"Pde5a/Pde9a",2
"GO:0016799","GO:0016799","hydrolase activity, hydrolyzing N-glycosyl compounds","3/385","40/28404",0.0168542570197988,0.396476331799077,0.377636736233087,"Tlr2/Sarm1/Art2b",3
"GO:0044183","GO:0044183","protein folding chaperone","3/385","40/28404",0.0168542570197988,0.396476331799077,0.377636736233087,"Hspb1/Hspa1b/Hspa1a",3
"GO:0005149","GO:0005149","interleukin-1 receptor binding","2/385","16/28404",0.0193964531848158,0.435538539695409,0.414842802565199,"Il1b/Ticam2",2
"GO:0019199","GO:0019199","transmembrane receptor protein kinase activity","4/385","77/28404",0.0207247424853999,0.445131425555979,0.423979857710468,"Tyro3/Kit/Acvr2b/Epha1",4
"GO:0005543","GO:0005543","phospholipid binding","12/385","460/28404",0.024021062259289,0.461604890792193,0.439670543754763,"Syt14/Gab2/Ticam2/Myo1b/Epn2/Rasgrp1/Rufy4/Dgka/Tpcn1/Snx14/Hs1bp3/Sytl2",12
"GO:0050135","GO:0050135","NAD(P)+ nucleosidase activity","2/385","18/28404",0.0242949942522207,0.461604890792193,0.439670543754763,"Tlr2/Sarm1",2
"GO:0061809","GO:0061809","NAD+ nucleotidase, cyclic ADP-ribose generating","2/385","18/28404",0.0242949942522207,0.461604890792193,0.439670543754763,"Tlr2/Sarm1",2
"GO:0005245","GO:0005245","voltage-gated calcium channel activity","3/385","47/28404",0.0258162497074027,0.472341753905812,0.449897217123158,"Cacna1b/Tpcn1/Cacna2d4",3
"GO:0005126","GO:0005126","cytokine receptor binding","9/385","315/28404",0.0287713929570377,0.486091245408017,0.462993366071561,"Il1b/Ticam2/Cxcl10/Ltb/Cd40lg/Gm13276/Ccl27a/Il6ra/Itgb3",9
"GO:0016853","GO:0016853","isomerase activity","6/385","170/28404",0.0287864868045854,0.486091245408017,0.462993366071561,"Katnal1/Aloxe3/Pbld2/Itgb3/Ech1/Cyp2s1",6
"GO:0046873","GO:0046873","metal ion transmembrane transporter activity","11/385","422/28404",0.0300637864871131,0.486091245408017,0.462993366071561,"Cacna1b/Slc12a8/Kcna2/Slc5a10/Grin2c/Trpv4/Nipa1/Tpcn1/Trpv2/Cacna2d4/Slc12a6",11
"GO:0008373","GO:0008373","sialyltransferase activity","2/385","21/28404",0.0324716823855558,0.486091245408017,0.462993366071561,"St6galnac3/St8sia6",2
"GO:0015377","GO:0015377","cation:chloride symporter activity","2/385","21/28404",0.0324716823855558,0.486091245408017,0.462993366071561,"Slc12a8/Slc12a6",2
"GO:1990404","GO:1990404","NAD+-protein ADP-ribosyltransferase activity","2/385","21/28404",0.0324716823855558,0.486091245408017,0.462993366071561,"Parp16/Art2b",2
"GO:0005125","GO:0005125","cytokine activity","7/385","228/28404",0.0365502547848078,0.501775782502133,0.47793261192937,"Il1b/Cxcl10/Ltb/Cd40lg/Gm13276/Ccl27a/Il16",7
"GO:0001227","GO:0001227","DNA-binding transcription repressor activity, RNA polymerase II-specific","9/385","331/28404",0.0376133894067041,0.501775782502133,0.47793261192937,"Zfp790/Bcl6b/Gm4924/Zbtb4/Zfhx3/Zfp78/Mxi1/Zfp3/Hoxa2",9
"GO:0001217","GO:0001217","DNA-binding transcription repressor activity","9/385","334/28404",0.0394568698508972,0.501775782502133,0.47793261192937,"Zfp790/Bcl6b/Gm4924/Zbtb4/Zfhx3/Zfp78/Mxi1/Zfp3/Hoxa2",9
"GO:0005261","GO:0005261","cation channel activity","9/385","334/28404",0.0394568698508972,0.501775782502133,0.47793261192937,"Cacna1b/Calhm6/Kcna2/Grin2c/Trpv4/Tpcn1/Trpv2/Cacna2d4/Slc12a6",9
"GO:0005539","GO:0005539","glycosaminoglycan binding","7/385","233/28404",0.040314845518008,0.501775782502133,0.47793261192937,"Lxn/Cxcl10/Tlr2/Smoc1/Colq/Spock2/Sgsh",7
"GO:0003950","GO:0003950","NAD+ ADP-ribosyltransferase activity","2/385","24/28404",0.0415618929584572,0.501775782502133,0.47793261192937,"Parp16/Art2b",2
"GO:0004114","GO:0004114","3',5'-cyclic-nucleotide phosphodiesterase activity","2/385","24/28404",0.0415618929584572,0.501775782502133,0.47793261192937,"Pde5a/Pde9a",2
"GO:0003779","GO:0003779","actin binding","11/385","447/28404",0.0426281500883869,0.501775782502133,0.47793261192937,"Gbp2/Myo1b/Trpv4/Zfp185/Myo1f/Add1/Sntb1/Lasp1/Espn/Pdlim2/Myl4",11
"GO:1901981","GO:1901981","phosphatidylinositol phosphate binding","6/385","187/28404",0.0426610989171854,0.501775782502133,0.47793261192937,"Gab2/Myo1b/Rufy4/Tpcn1/Snx14/Sytl2",6
"GO:0015296","GO:0015296","anion:cation symporter activity","2/385","25/28404",0.044779936052197,0.502756554767848,0.478866780271102,"Slc12a8/Slc12a6",2
"GO:0051787","GO:0051787","misfolded protein binding","2/385","25/28404",0.044779936052197,0.502756554767848,0.478866780271102,"Hspa1b/Hspa1a",2
"GO:0004714","GO:0004714","transmembrane receptor protein tyrosine kinase activity","3/385","59/28404",0.0460210739368348,0.505209122773253,0.481202808181641,"Tyro3/Kit/Epha1",3
"GO:0016405","GO:0016405","CoA-ligase activity","2/385","26/28404",0.04808682430482,0.516410678403936,0.491872093003536,"Acss1/Dip2a",2
"GO:0016860","GO:0016860","intramolecular oxidoreductase activity","3/385","61/28404",0.0499662418997056,0.525177095711799,0.500221951381151,"Itgb3/Ech1/Cyp2s1",3
"GO:0016725","GO:0016725","oxidoreductase activity, acting on CH or CH2 groups","2/385","27/28404",0.0514795718591743,0.529296030652251,0.504145164503635,"Xdh/Rrm2b",2
"GO:0015103","GO:0015103","inorganic anion transmembrane transporter activity","5/385","149/28404",0.0527204123096567,0.529296030652251,0.504145164503635,"Apol7c/Slc12a8/Slc37a2/Slc26a11/Slc12a6",5
"GO:0022843","GO:0022843","voltage-gated cation channel activity","5/385","150/28404",0.0539610880732975,0.529296030652251,0.504145164503635,"Cacna1b/Kcna2/Grin2c/Tpcn1/Cacna2d4",5
"GO:0004860","GO:0004860","protein kinase inhibitor activity","3/385","64/28404",0.0561814643009486,0.529296030652251,0.504145164503635,"Hspb1/Sh3bp5/Dusp19",3
"GO:0016702","GO:0016702","oxidoreductase activity, acting on single donors with incorporation of molecular oxygen, incorporation of two atoms of oxygen","2/385","29/28404",0.0585110214950152,0.529296030652251,0.504145164503635,"Aloxe3/Haao",2
"GO:0016878","GO:0016878","acid-thiol ligase activity","2/385","29/28404",0.0585110214950152,0.529296030652251,0.504145164503635,"Acss1/Dip2a",2
"GO:0005178","GO:0005178","integrin binding","5/385","155/28404",0.0604170733719795,0.529296030652251,0.504145164503635,"Il1b/Itga7/Itga9/Cd40lg/Itgb3",5
"GO:0001540","GO:0001540","amyloid-beta binding","3/385","66/28404",0.0605191508239343,0.529296030652251,0.504145164503635,"Tlr2/Gprasp2/Apbb1",3
"GO:0016701","GO:0016701","oxidoreductase activity, acting on single donors with incorporation of molecular oxygen","2/385","30/28404",0.0621440683761752,0.529296030652251,0.504145164503635,"Aloxe3/Haao",2
"GO:0038187","GO:0038187","pattern recognition receptor activity","2/385","30/28404",0.0621440683761752,0.529296030652251,0.504145164503635,"Clec4e/Tlr2",2
"GO:0080025","GO:0080025","phosphatidylinositol-3,5-bisphosphate binding","2/385","30/28404",0.0621440683761752,0.529296030652251,0.504145164503635,"Tpcn1/Snx14",2
"GO:0019210","GO:0019210","kinase inhibitor activity","3/385","69/28404",0.0673093518213368,0.555750754828199,0.529342824223748,"Hspb1/Sh3bp5/Dusp19",3
"GO:0042608","GO:0042608","T cell receptor binding","2/385","32/28404",0.0696311256325024,0.555750754828199,0.529342824223748,"Add1/Mr1",2
"GO:1902936","GO:1902936","phosphatidylinositol bisphosphate binding","4/385","115/28404",0.0715338536902042,0.555750754828199,0.529342824223748,"Myo1b/Tpcn1/Snx14/Sytl2",4
"GO:0019887","GO:0019887","protein kinase regulator activity","6/385","214/28404",0.0721400922263179,0.555750754828199,0.529342824223748,"Hspb1/Cd40lg/Parp16/Sh3bp5/Gprc5b/Dusp19",6
"GO:0005164","GO:0005164","tumor necrosis factor receptor binding","2/385","33/28404",0.0734798419726677,0.555750754828199,0.529342824223748,"Ltb/Cd40lg",2
"GO:0030507","GO:0030507","spectrin binding","2/385","33/28404",0.0734798419726677,0.555750754828199,0.529342824223748,"Gbp2/Add1",2
"GO:0005216","GO:0005216","ion channel activity","10/385","439/28404",0.0775661644245471,0.555750754828199,0.529342824223748,"Cacna1b/Apol7c/Calhm6/Kcna2/Grin2c/Trpv4/Tpcn1/Trpv2/Cacna2d4/Slc12a6",10
"GO:0035091","GO:0035091","phosphatidylinositol binding","7/385","272/28404",0.078299980762737,0.555750754828199,0.529342824223748,"Gab2/Myo1b/Rufy4/Tpcn1/Snx14/Hs1bp3/Sytl2",7
"GO:0035591","GO:0035591","signaling adaptor activity","3/385","74/28404",0.0793551520074422,0.555750754828199,0.529342824223748,"Gab2/Sarm1/Dusp19",3
"GO:0030295","GO:0030295","protein kinase activator activity","4/385","120/28404",0.0807749436847333,0.555750754828199,0.529342824223748,"Cd40lg/Parp16/Gprc5b/Dusp19",4
"GO:0000146","GO:0000146","microfilament motor activity","2/385","37/28404",0.0895168654491815,0.555750754828199,0.529342824223748,"Myo1b/Myo1f",2
"GO:0030551","GO:0030551","cyclic nucleotide binding","2/385","37/28404",0.0895168654491815,0.555750754828199,0.529342824223748,"Pde5a/Cnp",2
"GO:0019209","GO:0019209","kinase activator activity","4/385","127/28404",0.0946482857848978,0.555750754828199,0.529342824223748,"Cd40lg/Parp16/Gprc5b/Dusp19",4
"GO:0004713","GO:0004713","protein tyrosine kinase activity","4/385","130/28404",0.100916441899256,0.555750754828199,0.529342824223748,"Tyro3/Peak1/Kit/Epha1",4
"GO:0016877","GO:0016877","ligase activity, forming carbon-sulfur bonds","2/385","40/28404",0.102151830913465,0.555750754828199,0.529342824223748,"Acss1/Dip2a",2
"GO:0050997","GO:0050997","quaternary ammonium group binding","2/385","40/28404",0.102151830913465,0.555750754828199,0.529342824223748,"Hacl1/Rasgrp1",2
"GO:0017124","GO:0017124","SH3 domain binding","4/385","131/28404",0.103047551865002,0.555750754828199,0.529342824223748,"Khdrbs3/Sh3bp5/Espn/Bcar1",4
"GO:0038024","GO:0038024","cargo receptor activity","3/385","83/28404",0.103171682304024,0.555750754828199,0.529342824223748,"Amn1/Prss12/Scarf1",3
"GO:0008009","GO:0008009","chemokine activity","2/385","41/28404",0.106467000042839,0.555750754828199,0.529342824223748,"Cxcl10/Ccl27a",2
"GO:0047485","GO:0047485","protein N-terminus binding","4/385","134/28404",0.109563463861378,0.555750754828199,0.529342824223748,"Hspa1b/Hspa1a/Grin2c/Pias3",4
"GO:0008081","GO:0008081","phosphoric diester hydrolase activity","3/385","86/28404",0.111671017457804,0.555750754828199,0.529342824223748,"Pde5a/Cnp/Pde9a",3
"GO:0042562","GO:0042562","hormone binding","3/385","87/28404",0.114562051618661,0.555750754828199,0.529342824223748,"Thrb/Thra/Ar",3
"GO:0005044","GO:0005044","scavenger receptor activity","2/385","43/28404",0.115239706545038,0.555750754828199,0.529342824223748,"Prss12/Scarf1",2
"GO:0005516","GO:0005516","calmodulin binding","5/385","191/28404",0.118976712136081,0.555750754828199,0.529342824223748,"Myo1b/Trpv4/Myo1f/Add1/Sntb1",5
"GO:0019207","GO:0019207","kinase regulator activity","6/385","246/28404",0.119007160087765,0.555750754828199,0.529342824223748,"Hspb1/Cd40lg/Parp16/Sh3bp5/Gprc5b/Dusp19",6
"GO:0005547","GO:0005547","phosphatidylinositol-3,4,5-trisphosphate binding","2/385","44/28404",0.119693112578704,0.555750754828199,0.529342824223748,"Gab2/Myo1b",2
"GO:0015267","GO:0015267","channel activity","10/385","483/28404",0.123353846506842,0.555750754828199,0.529342824223748,"Cacna1b/Apol7c/Calhm6/Kcna2/Grin2c/Trpv4/Tpcn1/Trpv2/Cacna2d4/Slc12a6",10
"GO:0022803","GO:0022803","passive transmembrane transporter activity","10/385","483/28404",0.123353846506842,0.555750754828199,0.529342824223748,"Cacna1b/Apol7c/Calhm6/Kcna2/Grin2c/Trpv4/Tpcn1/Trpv2/Cacna2d4/Slc12a6",10
"GO:0051082","GO:0051082","unfolded protein binding","3/385","90/28404",0.123401725655278,0.555750754828199,0.529342824223748,"Hspb1/Hspa1b/Hspa1a",3
"GO:0004551","GO:0004551","dinucleotide phosphatase activity","1/385","10/28404",0.127587627344642,0.555750754828199,0.529342824223748,"Enpp5",1
"GO:0004983","GO:0004983","neuropeptide Y receptor activity","1/385","10/28404",0.127587627344642,0.555750754828199,0.529342824223748,"Gpr83",1
"GO:0015280","GO:0015280","ligand-gated sodium channel activity","1/385","10/28404",0.127587627344642,0.555750754828199,0.529342824223748,"Tpcn1",1
"GO:0016174","GO:0016174","NAD(P)H oxidase H2O2-forming activity","1/385","10/28404",0.127587627344642,0.555750754828199,0.529342824223748,"Fmo5",1
"GO:0016801","GO:0016801","hydrolase activity, acting on ether bonds","1/385","10/28404",0.127587627344642,0.555750754828199,0.529342824223748,"Ephx1",1
"GO:0016812","GO:0016812","hydrolase activity, acting on carbon-nitrogen (but not peptide) bonds, in cyclic amides","1/385","10/28404",0.127587627344642,0.555750754828199,0.529342824223748,"Amdhd1",1
"GO:0019911","GO:0019911","structural constituent of myelin sheath","1/385","10/28404",0.127587627344642,0.555750754828199,0.529342824223748,"Plp1",1
"GO:0019992","GO:0019992","diacylglycerol binding","1/385","10/28404",0.127587627344642,0.555750754828199,0.529342824223748,"Rasgrp1",1
"GO:0036435","GO:0036435","K48-linked polyubiquitin modification-dependent protein binding","1/385","10/28404",0.127587627344642,0.555750754828199,0.529342824223748,"Mindy2",1
"GO:0061665","GO:0061665","SUMO ligase activity","1/385","10/28404",0.127587627344642,0.555750754828199,0.529342824223748,"Pias3",1
"GO:0070016","GO:0070016","armadillo repeat domain binding","1/385","10/28404",0.127587627344642,0.555750754828199,0.529342824223748,"Calcoco1",1
"GO:0042169","GO:0042169","SH2 domain binding","2/385","46/28404",0.12872405294246,0.555750754828199,0.529342824223748,"Kit/Trpv4",2
"GO:0031072","GO:0031072","heat shock protein binding","4/385","143/28404",0.130168265985152,0.555750754828199,0.529342824223748,"Nfkbia/Gbp2/Hspa1b/Hspa1a",4
"GO:0005244","GO:0005244","voltage-gated ion channel activity","5/385","197/28404",0.130670078541305,0.555750754828199,0.529342824223748,"Cacna1b/Kcna2/Grin2c/Tpcn1/Cacna2d4",5
"GO:0016829","GO:0016829","lyase activity","5/385","197/28404",0.130670078541305,0.555750754828199,0.529342824223748,"Hacl1/Aldoc/Adcy5/Aloxe3/Cyp2s1",5
"GO:0022832","GO:0022832","voltage-gated channel activity","5/385","198/28404",0.132668058635787,0.555750754828199,0.529342824223748,"Cacna1b/Kcna2/Grin2c/Tpcn1/Cacna2d4",5
"GO:0019955","GO:0019955","cytokine binding","4/385","145/28404",0.134951791714456,0.555750754828199,0.529342824223748,"Gbp2/Kit/Il6ra/Itgb3",4
"GO:0001223","GO:0001223","transcription coactivator binding","2/385","48/28404",0.137907724355998,0.555750754828199,0.529342824223748,"Thrb/Ar",2
"GO:0001968","GO:0001968","fibronectin binding","2/385","48/28404",0.137907724355998,0.555750754828199,0.529342824223748,"Epha1/Itgb3",2
"GO:0032813","GO:0032813","tumor necrosis factor receptor superfamily binding","2/385","48/28404",0.137907724355998,0.555750754828199,0.529342824223748,"Ltb/Cd40lg",2
"GO:0004143","GO:0004143","diacylglycerol kinase activity","1/385","11/28404",0.139416843498489,0.555750754828199,0.529342824223748,"Dgka",1
"GO:0008330","GO:0008330","protein tyrosine/threonine phosphatase activity","1/385","11/28404",0.139416843498489,0.555750754828199,0.529342824223748,"Dusp19",1
"GO:0008331","GO:0008331","high voltage-gated calcium channel activity","1/385","11/28404",0.139416843498489,0.555750754828199,0.529342824223748,"Cacna1b",1
"GO:0016929","GO:0016929","deSUMOylase activity","1/385","11/28404",0.139416843498489,0.555750754828199,0.529342824223748,"Senp8",1
"GO:0008238","GO:0008238","exopeptidase activity","3/385","96/28404",0.141783932643558,0.555750754828199,0.529342824223748,"Scrn3/Nudt16/Mindy2",3
"GO:0015294","GO:0015294","solute:cation symporter activity","3/385","96/28404",0.141783932643558,0.555750754828199,0.529342824223748,"Slc12a8/Slc5a10/Slc12a6",3
"GO:0003727","GO:0003727","single-stranded RNA binding","3/385","97/28404",0.144932663889583,0.555750754828199,0.529342824223748,"Khdrbs3/Thra/Patl2",3
"GO:0001664","GO:0001664","G protein-coupled receptor binding","7/385","320/28404",0.14617330020104,0.555750754828199,0.529342824223748,"Cxcl10/Rtp4/Agrp/Hspa1b/Hspa1a/Gprasp2/Ccl27a",7
"GO:0004016","GO:0004016","adenylate cyclase activity","1/385","12/28404",0.151086075888623,0.555750754828199,0.529342824223748,"Adcy5",1
"GO:0004312","GO:0004312","fatty acid synthase activity","1/385","12/28404",0.151086075888623,0.555750754828199,0.529342824223748,"Elovl7",1
"GO:0005068","GO:0005068","transmembrane receptor protein tyrosine kinase adaptor activity","1/385","12/28404",0.151086075888623,0.555750754828199,0.529342824223748,"Gab2",1
"GO:0008271","GO:0008271","secondary active sulfate transmembrane transporter activity","1/385","12/28404",0.151086075888623,0.555750754828199,0.529342824223748,"Slc26a11",1
"GO:0008353","GO:0008353","RNA polymerase II CTD heptapeptide repeat kinase activity","1/385","12/28404",0.151086075888623,0.555750754828199,0.529342824223748,"Cdk19",1
"GO:0016671","GO:0016671","oxidoreductase activity, acting on a sulfur group of donors, disulfide as acceptor","1/385","12/28404",0.151086075888623,0.555750754828199,0.529342824223748,"Msrb3",1
"GO:0032036","GO:0032036","myosin heavy chain binding","1/385","12/28404",0.151086075888623,0.555750754828199,0.529342824223748,"Pdlim2",1
"GO:0042609","GO:0042609","CD4 receptor binding","1/385","12/28404",0.151086075888623,0.555750754828199,0.529342824223748,"Il16",1
"GO:0045294","GO:0045294","alpha-catenin binding","1/385","12/28404",0.151086075888623,0.555750754828199,0.529342824223748,"Pkp3",1
"GO:0008391","GO:0008391","arachidonic acid monooxygenase activity","2/385","51/28404",0.151937601475796,0.555750754828199,0.529342824223748,"Cyp2d22/Cyp2s1",2
"GO:0016830","GO:0016830","carbon-carbon lyase activity","2/385","51/28404",0.151937601475796,0.555750754828199,0.529342824223748,"Hacl1/Aldoc",2
"GO:0070851","GO:0070851","growth factor receptor binding","4/385","153/28404",0.154774498539392,0.555750754828199,0.529342824223748,"Il1b/Ticam2/Il6ra/Itgb3",4
"GO:0016763","GO:0016763","pentosyltransferase activity","2/385","52/28404",0.156675082390701,0.555750754828199,0.529342824223748,"Parp16/Art2b",2
"GO:0005078","GO:0005078","MAP-kinase scaffold activity","1/385","13/28404",0.162597482650489,0.555750754828199,0.529342824223748,"Dusp19",1
"GO:0005452","GO:0005452","solute:inorganic anion antiporter activity","1/385","13/28404",0.162597482650489,0.555750754828199,0.529342824223748,"Slc37a2",1
"GO:0008484","GO:0008484","sulfuric ester hydrolase activity","1/385","13/28404",0.162597482650489,0.555750754828199,0.529342824223748,"Sgsh",1
"GO:0016661","GO:0016661","oxidoreductase activity, acting on other nitrogenous compounds as donors","1/385","13/28404",0.162597482650489,0.555750754828199,0.529342824223748,"Xdh",1
"GO:0031994","GO:0031994","insulin-like growth factor I binding","1/385","13/28404",0.162597482650489,0.555750754828199,0.529342824223748,"Itgb3",1
"GO:0035325","GO:0035325","Toll-like receptor binding","1/385","13/28404",0.162597482650489,0.555750754828199,0.529342824223748,"Tlr2",1
"GO:0050700","GO:0050700","CARD domain binding","1/385","13/28404",0.162597482650489,0.555750754828199,0.529342824223748,"Card14",1
"GO:0062187","GO:0062187","anandamide 8,9 epoxidase activity","1/385","13/28404",0.162597482650489,0.555750754828199,0.529342824223748,"Cyp2d22",1
"GO:0062188","GO:0062188","anandamide 11,12 epoxidase activity","1/385","13/28404",0.162597482650489,0.555750754828199,0.529342824223748,"Cyp2d22",1
"GO:0140036","GO:0140036","ubiquitin-dependent protein binding","1/385","13/28404",0.162597482650489,0.555750754828199,0.529342824223748,"Jarid2",1
"GO:1990226","GO:1990226","histone methyltransferase binding","1/385","13/28404",0.162597482650489,0.555750754828199,0.529342824223748,"Phf1",1
"GO:0004197","GO:0004197","cysteine-type endopeptidase activity","3/385","105/28404",0.170903357788009,0.555750754828199,0.529342824223748,"Ctso/Capn2/Usp35",3
"GO:0004198","GO:0004198","calcium-dependent cysteine-type endopeptidase activity","1/385","14/28404",0.173953192881884,0.555750754828199,0.529342824223748,"Capn2",1
"GO:0005005","GO:0005005","transmembrane-ephrin receptor activity","1/385","14/28404",0.173953192881884,0.555750754828199,0.529342824223748,"Epha1",1
"GO:0005536","GO:0005536","glucose binding","1/385","14/28404",0.173953192881884,0.555750754828199,0.529342824223748,"Pygl",1
"GO:0008191","GO:0008191","metalloendopeptidase inhibitor activity","1/385","14/28404",0.173953192881884,0.555750754828199,0.529342824223748,"Lxn",1
"GO:0030021","GO:0030021","extracellular matrix structural constituent conferring compression resistance","1/385","14/28404",0.173953192881884,0.555750754828199,0.529342824223748,"Spock2",1
"GO:0031404","GO:0031404","chloride ion binding","1/385","14/28404",0.173953192881884,0.555750754828199,0.529342824223748,"Nudt16",1
"GO:0042043","GO:0042043","neurexin family protein binding","1/385","14/28404",0.173953192881884,0.555750754828199,0.529342824223748,"Sytl2",1
"GO:0048185","GO:0048185","activin binding","1/385","14/28404",0.173953192881884,0.555750754828199,0.529342824223748,"Acvr2b",1
"GO:0051371","GO:0051371","muscle alpha-actinin binding","1/385","14/28404",0.173953192881884,0.555750754828199,0.529342824223748,"Pdlim2",1
"GO:0062186","GO:0062186","anandamide epoxidase activity","1/385","14/28404",0.173953192881884,0.555750754828199,0.529342824223748,"Cyp2d22",1
"GO:0062189","GO:0062189","anandamide 14,15 epoxidase activity","1/385","14/28404",0.173953192881884,0.555750754828199,0.529342824223748,"Cyp2d22",1
"GO:0140299","GO:0140299","small molecule sensor activity","1/385","14/28404",0.173953192881884,0.555750754828199,0.529342824223748,"Trpv4",1
"GO:0140296","GO:0140296","general transcription initiation factor binding","2/385","57/28404",0.180745380028217,0.555750754828199,0.529342824223748,"Thra/Ar",2
"GO:0003774","GO:0003774","cytoskeletal motor activity","3/385","109/28404",0.184355594159945,0.555750754828199,0.529342824223748,"Dnah9/Myo1b/Myo1f",3
"GO:0001161","GO:0001161","intronic transcription regulatory region sequence-specific DNA binding","1/385","15/28404",0.185155307032659,0.555750754828199,0.529342824223748,"Thra",1
"GO:0003951","GO:0003951","NAD+ kinase activity","1/385","15/28404",0.185155307032659,0.555750754828199,0.529342824223748,"Dgka",1
"GO:0016307","GO:0016307","phosphatidylinositol phosphate kinase activity","1/385","15/28404",0.185155307032659,0.555750754828199,0.529342824223748,"Pip5kl1",1
"GO:0017110","GO:0017110","nucleoside diphosphate phosphatase activity","1/385","15/28404",0.185155307032659,0.555750754828199,0.529342824223748,"Nudt16",1
"GO:0030553","GO:0030553","cGMP binding","1/385","15/28404",0.185155307032659,0.555750754828199,0.529342824223748,"Pde5a",1
"GO:0032052","GO:0032052","bile acid binding","1/385","15/28404",0.185155307032659,0.555750754828199,0.529342824223748,"Pygl",1
"GO:0032977","GO:0032977","membrane insertase activity","1/385","15/28404",0.185155307032659,0.555750754828199,0.529342824223748,"Emc9",1
"GO:0045236","GO:0045236","CXCR chemokine receptor binding","1/385","15/28404",0.185155307032659,0.555750754828199,0.529342824223748,"Cxcl10",1
"GO:0050664","GO:0050664","oxidoreductase activity, acting on NAD(P)H, oxygen as acceptor","1/385","15/28404",0.185155307032659,0.555750754828199,0.529342824223748,"Fmo5",1
"GO:0140035","GO:0140035","ubiquitination-like modification-dependent protein binding","1/385","15/28404",0.185155307032659,0.555750754828199,0.529342824223748,"Jarid2",1
"GO:0016667","GO:0016667","oxidoreductase activity, acting on a sulfur group of donors","2/385","58/28404",0.18562525211873,0.555750754828199,0.529342824223748,"Msrb3/Gsto2",2
"GO:0043539","GO:0043539","protein serine/threonine kinase activator activity","2/385","59/28404",0.190523644335639,0.55603729309302,0.529615746883827,"Cd40lg/Parp16",2
"GO:0005003","GO:0005003","ephrin receptor activity","1/385","16/28404",0.196205897289181,0.55603729309302,0.529615746883827,"Epha1",1
"GO:0005172","GO:0005172","vascular endothelial growth factor receptor binding","1/385","16/28404",0.196205897289181,0.55603729309302,0.529615746883827,"Itgb3",1
"GO:0005402","GO:0005402","carbohydrate:cation symporter activity","1/385","16/28404",0.196205897289181,0.55603729309302,0.529615746883827,"Slc5a10",1
"GO:0008179","GO:0008179","adenylate cyclase binding","1/385","16/28404",0.196205897289181,0.55603729309302,0.529615746883827,"Adcy5",1
"GO:0015095","GO:0015095","magnesium ion transmembrane transporter activity","1/385","16/28404",0.196205897289181,0.55603729309302,0.529615746883827,"Nipa1",1
"GO:0015116","GO:0015116","sulfate transmembrane transporter activity","1/385","16/28404",0.196205897289181,0.55603729309302,0.529615746883827,"Slc26a11",1
"GO:0045125","GO:0045125","bioactive lipid receptor activity","1/385","16/28404",0.196205897289181,0.55603729309302,0.529615746883827,"Lpar6",1
"GO:0008201","GO:0008201","heparin binding","4/385","170/28404",0.200108483906048,0.55603729309302,0.529615746883827,"Lxn/Cxcl10/Smoc1/Colq",4
"GO:0015108","GO:0015108","chloride transmembrane transporter activity","3/385","114/28404",0.201543853596661,0.55603729309302,0.529615746883827,"Apol7c/Slc12a8/Slc12a6",3
"GO:0005506","GO:0005506","iron ion binding","4/385","171/28404",0.202892389169208,0.55603729309302,0.529615746883827,"Xdh/Aloxe3/Haao/Cyp2s1",4
"GO:0003746","GO:0003746","translation elongation factor activity","1/385","17/28404",0.207107007953675,0.55603729309302,0.529615746883827,"Abtb1",1
"GO:0005521","GO:0005521","lamin binding","1/385","17/28404",0.207107007953675,0.55603729309302,0.529615746883827,"Narf",1
"GO:0008381","GO:0008381","mechanosensitive ion channel activity","1/385","17/28404",0.207107007953675,0.55603729309302,0.529615746883827,"Trpv4",1
"GO:0031005","GO:0031005","filamin binding","1/385","17/28404",0.207107007953675,0.55603729309302,0.529615746883827,"Pdlim2",1
"GO:0035615","GO:0035615","clathrin adaptor activity","1/385","17/28404",0.207107007953675,0.55603729309302,0.529615746883827,"Ston1",1
"GO:0042834","GO:0042834","peptidoglycan binding","1/385","17/28404",0.207107007953675,0.55603729309302,0.529615746883827,"Tlr2",1
"GO:0140597","GO:0140597","protein carrier chaperone","1/385","17/28404",0.207107007953675,0.55603729309302,0.529615746883827,"Emc9",1
"GO:1990380","GO:1990380","Lys48-specific deubiquitinase activity","1/385","17/28404",0.207107007953675,0.55603729309302,0.529615746883827,"Mindy2",1
"GO:0019783","GO:0019783","ubiquitin-like protein peptidase activity","3/385","116/28404",0.208522453642914,0.556811308646484,0.530352983091793,"Senp8/Usp35/Mindy2",3
"GO:0016709","GO:0016709","oxidoreductase activity, acting on paired donors, with incorporation or reduction of molecular oxygen, NAD(P)H as one donor, and incorporation of one atom of oxygen","2/385","64/28404",0.215245809485196,0.558730704378223,0.5321811737845,"Cyp2d22/Fmo5",2
"GO:0016836","GO:0016836","hydro-lyase activity","2/385","64/28404",0.215245809485196,0.558730704378223,0.5321811737845,"Aloxe3/Cyp2s1",2
"GO:0004675","GO:0004675","transmembrane receptor protein serine/threonine kinase activity","1/385","18/28404",0.217860655818467,0.558730704378223,0.5321811737845,"Acvr2b",1
"GO:0016805","GO:0016805","dipeptidase activity","1/385","18/28404",0.217860655818467,0.558730704378223,0.5321811737845,"Scrn3",1
"GO:0030169","GO:0030169","low-density lipoprotein particle binding","1/385","18/28404",0.217860655818467,0.558730704378223,0.5321811737845,"Scarf1",1
"GO:0140312","GO:0140312","cargo adaptor activity","1/385","18/28404",0.217860655818467,0.558730704378223,0.5321811737845,"Ston1",1
"GO:0030695","GO:0030695","GTPase regulator activity","8/385","424/28404",0.21960688648168,0.558730704378223,0.5321811737845,"Arhgap22/Tbc1d10c/Rasgrp1/Tbc1d30/Plekhg2/Sh3bp5/Depdc1b/Gpsm3",8
"GO:0060589","GO:0060589","nucleoside-triphosphatase regulator activity","8/385","424/28404",0.21960688648168,0.558730704378223,0.5321811737845,"Arhgap22/Tbc1d10c/Rasgrp1/Tbc1d30/Plekhg2/Sh3bp5/Depdc1b/Gpsm3",8
"GO:0030276","GO:0030276","clathrin binding","2/385","65/28404",0.22022722774904,0.558730704378223,0.5321811737845,"Epn2/Ston1",2
"GO:0051536","GO:0051536","iron-sulfur cluster binding","2/385","66/28404",0.225218105152949,0.558730704378223,0.5321811737845,"Xdh/Cdk5rap1",2
"GO:0051540","GO:0051540","metal cluster binding","2/385","66/28404",0.225218105152949,0.558730704378223,0.5321811737845,"Xdh/Cdk5rap1",2
"GO:0003756","GO:0003756","protein disulfide isomerase activity","1/385","19/28404",0.228468830535225,0.558730704378223,0.5321811737845,"Itgb3",1
"GO:0004970","GO:0004970","ionotropic glutamate receptor activity","1/385","19/28404",0.228468830535225,0.558730704378223,0.5321811737845,"Grin2c",1
"GO:0016864","GO:0016864","intramolecular oxidoreductase activity, transposing S-S bonds","1/385","19/28404",0.228468830535225,0.558730704378223,0.5321811737845,"Itgb3",1
"GO:0031434","GO:0031434","mitogen-activated protein kinase kinase binding","1/385","19/28404",0.228468830535225,0.558730704378223,0.5321811737845,"Dusp19",1
"GO:0140323","GO:0140323","solute:anion antiporter activity","1/385","19/28404",0.228468830535225,0.558730704378223,0.5321811737845,"Slc37a2",1
"GO:0140416","GO:0140416","transcription regulator inhibitor activity","1/385","19/28404",0.228468830535225,0.558730704378223,0.5321811737845,"Id3",1
"GO:0008569","GO:0008569","minus-end-directed microtubule motor activity","1/385","20/28404",0.23893349497926,0.575230034914419,0.547896496072332,"Dnah9",1
"GO:0070064","GO:0070064","proline-rich region binding","1/385","20/28404",0.23893349497926,0.575230034914419,0.547896496072332,"Apbb1",1
"GO:0005200","GO:0005200","structural constituent of cytoskeleton","2/385","69/28404",0.240235960739733,0.575230034914419,0.547896496072332,"Add1/Tube1",2
"GO:0050839","GO:0050839","cell adhesion molecule binding","6/385","308/28404",0.241074660688945,0.575230034914419,0.547896496072332,"Il1b/Pkp3/Itga7/Itga9/Cd40lg/Itgb3",6
"GO:0015291","GO:0015291","secondary active transmembrane transporter activity","5/385","247/28404",0.244826108428529,0.575230034914419,0.547896496072332,"Slc12a8/Slc37a2/Slc26a11/Slc5a10/Slc12a6",5
"GO:0004550","GO:0004550","nucleoside diphosphate kinase activity","1/385","21/28404",0.249256585608945,0.575230034914419,0.547896496072332,"Nme7",1
"GO:0019200","GO:0019200","carbohydrate kinase activity","1/385","21/28404",0.249256585608945,0.575230034914419,0.547896496072332,"Nagk",1
"GO:0022853","GO:0022853","active ion transmembrane transporter activity","5/385","252/28404",0.257492802314144,0.575230034914419,0.547896496072332,"Slc12a8/Slc37a2/Slc26a11/Slc5a10/Slc12a6",5
"GO:0030215","GO:0030215","semaphorin receptor binding","1/385","22/28404",0.259440012820324,0.575230034914419,0.547896496072332,"Sema4f",1
"GO:0046965","GO:0046965","nuclear retinoid X receptor binding","1/385","22/28404",0.259440012820324,0.575230034914419,0.547896496072332,"Rarg",1
"GO:0048156","GO:0048156","tau protein binding","1/385","22/28404",0.259440012820324,0.575230034914419,0.547896496072332,"Apbb1",1
"GO:0008395","GO:0008395","steroid hydroxylase activity","2/385","73/28404",0.260324670609846,0.575230034914419,0.547896496072332,"Cyp2d22/Cyp2s1",2
"GO:0000979","GO:0000979","RNA polymerase II core promoter sequence-specific DNA binding","1/385","23/28404",0.26948566129697,0.575230034914419,0.547896496072332,"Egr1",1
"GO:0005355","GO:0005355","glucose transmembrane transporter activity","1/385","23/28404",0.26948566129697,0.575230034914419,0.547896496072332,"Slc5a10",1
"GO:0008171","GO:0008171","O-methyltransferase activity","1/385","23/28404",0.26948566129697,0.575230034914419,0.547896496072332,"Pcmtd2",1
"GO:0071837","GO:0071837","HMG box domain binding","1/385","23/28404",0.26948566129697,0.575230034914419,0.547896496072332,"Hoxa3",1
"GO:0001221","GO:0001221","transcription coregulator binding","3/385","133/28404",0.269612084462306,0.575230034914419,0.547896496072332,"Thrb/Phf1/Ar",3
"GO:1990841","GO:1990841","promoter-specific chromatin binding","2/385","75/28404",0.27037850358588,0.575230034914419,0.547896496072332,"Egr1/Rbl2",2
"GO:0016712","GO:0016712","oxidoreductase activity, acting on paired donors, with incorporation or reduction of molecular oxygen, reduced flavin or flavoprotein as one donor, and incorporation of one atom of oxygen","2/385","76/28404",0.27540445590728,0.575230034914419,0.547896496072332,"Cyp2d22/Cyp2s1",2
"GO:0017022","GO:0017022","myosin binding","2/385","76/28404",0.27540445590728,0.575230034914419,0.547896496072332,"Spata6/Pdlim2",2
"GO:0005132","GO:0005132","type I interferon receptor binding","1/385","24/28404",0.279395390355166,0.575230034914419,0.547896496072332,"Gm13276",1
"GO:0008139","GO:0008139","nuclear localization sequence binding","1/385","24/28404",0.279395390355166,0.575230034914419,0.547896496072332,"Nfkbia",1
"GO:0015149","GO:0015149","hexose transmembrane transporter activity","1/385","24/28404",0.279395390355166,0.575230034914419,0.547896496072332,"Slc5a10",1
"GO:0015271","GO:0015271","outward rectifier potassium channel activity","1/385","24/28404",0.279395390355166,0.575230034914419,0.547896496072332,"Kcna2",1
"GO:0019789","GO:0019789","SUMO transferase activity","1/385","24/28404",0.279395390355166,0.575230034914419,0.547896496072332,"Pias3",1
"GO:0031435","GO:0031435","mitogen-activated protein kinase kinase kinase binding","1/385","24/28404",0.279395390355166,0.575230034914419,0.547896496072332,"Dusp19",1
"GO:0070530","GO:0070530","K63-linked polyubiquitin modification-dependent protein binding","1/385","24/28404",0.279395390355166,0.575230034914419,0.547896496072332,"Mindy2",1
"GO:0099604","GO:0099604","ligand-gated calcium channel activity","1/385","24/28404",0.279395390355166,0.575230034914419,0.547896496072332,"Grin2c",1
"GO:0042379","GO:0042379","chemokine receptor binding","2/385","77/28404",0.280428563061207,0.575230034914419,0.547896496072332,"Cxcl10/Ccl27a",2
"GO:0022836","GO:0022836","gated channel activity","6/385","328/28404",0.286635336955874,0.575230034914419,0.547896496072332,"Cacna1b/Kcna2/Grin2c/Trpv4/Tpcn1/Cacna2d4",6
"GO:0001091","GO:0001091","RNA polymerase II general transcription initiation factor binding","1/385","25/28404",0.289171034284457,0.575230034914419,0.547896496072332,"Ar",1
"GO:0005248","GO:0005248","voltage-gated sodium channel activity","1/385","25/28404",0.289171034284457,0.575230034914419,0.547896496072332,"Tpcn1",1
"GO:0008327","GO:0008327","methyl-CpG binding","1/385","25/28404",0.289171034284457,0.575230034914419,0.547896496072332,"Zbtb4",1
"GO:0009975","GO:0009975","cyclase activity","1/385","25/28404",0.289171034284457,0.575230034914419,0.547896496072332,"Adcy5",1
"GO:0016849","GO:0016849","phosphorus-oxygen lyase activity","1/385","25/28404",0.289171034284457,0.575230034914419,0.547896496072332,"Adcy5",1
"GO:0016863","GO:0016863","intramolecular oxidoreductase activity, transposing C=C bonds","1/385","25/28404",0.289171034284457,0.575230034914419,0.547896496072332,"Ech1",1
"GO:0016866","GO:0016866","intramolecular transferase activity","1/385","25/28404",0.289171034284457,0.575230034914419,0.547896496072332,"Aloxe3",1
"GO:0030548","GO:0030548","acetylcholine receptor regulator activity","1/385","25/28404",0.289171034284457,0.575230034914419,0.547896496072332,"Lypd6b",1
"GO:0031681","GO:0031681","G-protein beta-subunit binding","1/385","25/28404",0.289171034284457,0.575230034914419,0.547896496072332,"Gng4",1
"GO:0034237","GO:0034237","protein kinase A regulatory subunit binding","1/385","25/28404",0.289171034284457,0.575230034914419,0.547896496072332,"Akap7",1
"GO:0099602","GO:0099602","neurotransmitter receptor regulator activity","1/385","25/28404",0.289171034284457,0.575230034914419,0.547896496072332,"Lypd6b",1
"GO:0019003","GO:0019003","GDP binding","2/385","79/28404",0.290467780672754,0.575230034914419,0.547896496072332,"Iigp1/Gbp2",2
"GO:0019905","GO:0019905","syntaxin binding","2/385","79/28404",0.290467780672754,0.575230034914419,0.547896496072332,"Vamp1/Tpcn1",2
"GO:0016798","GO:0016798","hydrolase activity, acting on glycosyl bonds","3/385","139/28404",0.291674282106997,0.575230034914419,0.547896496072332,"Tlr2/Sarm1/Art2b",3
"GO:0016782","GO:0016782","transferase activity, transferring sulphur-containing groups","2/385","80/28404",0.295481219639557,0.575230034914419,0.547896496072332,"Chst10/Cdk5rap1",2
"GO:0015145","GO:0015145","monosaccharide transmembrane transporter activity","1/385","26/28404",0.298814402683642,0.575230034914419,0.547896496072332,"Slc5a10",1
"GO:0017134","GO:0017134","fibroblast growth factor binding","1/385","26/28404",0.298814402683642,0.575230034914419,0.547896496072332,"Itgb3",1
"GO:0019825","GO:0019825","oxygen binding","1/385","26/28404",0.298814402683642,0.575230034914419,0.547896496072332,"Haao",1
"GO:0030881","GO:0030881","beta-2-microglobulin binding","1/385","26/28404",0.298814402683642,0.575230034914419,0.547896496072332,"Mr1",1
"GO:0051537","GO:0051537","2 iron, 2 sulfur cluster binding","1/385","26/28404",0.298814402683642,0.575230034914419,0.547896496072332,"Xdh",1
"GO:0097602","GO:0097602","cullin family protein binding","1/385","26/28404",0.298814402683642,0.575230034914419,0.547896496072332,"Klhl36",1
"GO:0016835","GO:0016835","carbon-oxygen lyase activity","2/385","81/28404",0.300489469499548,0.575230034914419,0.547896496072332,"Aloxe3/Cyp2s1",2
"GO:0016757","GO:0016757","glycosyltransferase activity","5/385","270/28404",0.304231640374248,0.575230034914419,0.547896496072332,"St6galnac3/Pygl/Parp16/Art2b/St8sia6",5
"GO:0030674","GO:0030674","protein-macromolecule adaptor activity","6/385","336/28404",0.305367376423508,0.575230034914419,0.547896496072332,"Gab2/Sarm1/Vamp1/Ston1/Klhdc1/Dusp19",6
"GO:0003785","GO:0003785","actin monomer binding","1/385","27/28404",0.308327280792275,0.575230034914419,0.547896496072332,"Myl4",1
"GO:0008066","GO:0008066","glutamate receptor activity","1/385","27/28404",0.308327280792275,0.575230034914419,0.547896496072332,"Grin2c",1
"GO:0008266","GO:0008266","poly(U) RNA binding","1/385","27/28404",0.308327280792275,0.575230034914419,0.547896496072332,"Patl2",1
"GO:0016891","GO:0016891","endoribonuclease activity, producing 5'-phosphomonoesters","1/385","27/28404",0.308327280792275,0.575230034914419,0.547896496072332,"Nudt16",1
"GO:0017025","GO:0017025","TBP-class protein binding","1/385","27/28404",0.308327280792275,0.575230034914419,0.547896496072332,"Thra",1
"GO:0035035","GO:0035035","histone acetyltransferase binding","1/385","27/28404",0.308327280792275,0.575230034914419,0.547896496072332,"Egr1",1
"GO:0051119","GO:0051119","sugar transmembrane transporter activity","1/385","27/28404",0.308327280792275,0.575230034914419,0.547896496072332,"Slc5a10",1
"GO:0051959","GO:0051959","dynein light intermediate chain binding","1/385","27/28404",0.308327280792275,0.575230034914419,0.547896496072332,"Dnah9",1
"GO:0015293","GO:0015293","symporter activity","3/385","146/28404",0.317557087088503,0.575230034914419,0.547896496072332,"Slc12a8/Slc5a10/Slc12a6",3
"GO:0005184","GO:0005184","neuropeptide hormone activity","1/385","28/28404",0.317711429817718,0.575230034914419,0.547896496072332,"Agrp",1
"GO:0005217","GO:0005217","intracellular ligand-gated ion channel activity","1/385","28/28404",0.317711429817718,0.575230034914419,0.547896496072332,"Tpcn1",1
"GO:0071813","GO:0071813","lipoprotein particle binding","1/385","28/28404",0.317711429817718,0.575230034914419,0.547896496072332,"Scarf1",1
"GO:0071814","GO:0071814","protein-lipid complex binding","1/385","28/28404",0.317711429817718,0.575230034914419,0.547896496072332,"Scarf1",1
"GO:0003725","GO:0003725","double-stranded RNA binding","2/385","85/28404",0.320455328916917,0.575230034914419,0.547896496072332,"Hspa1a/Oas1c",2
"GO:0016209","GO:0016209","antioxidant activity","2/385","86/28404",0.325426383951658,0.575230034914419,0.547896496072332,"Prxl2c/Gsto2",2
"GO:0004693","GO:0004693","cyclin-dependent protein serine/threonine kinase activity","1/385","29/28404",0.326968587257814,0.575230034914419,0.547896496072332,"Cdk19",1
"GO:0005520","GO:0005520","insulin-like growth factor binding","1/385","29/28404",0.326968587257814,0.575230034914419,0.547896496072332,"Itgb3",1
"GO:0015605","GO:0015605","organophosphate ester transmembrane transporter activity","1/385","29/28404",0.326968587257814,0.575230034914419,0.547896496072332,"Slc37a2",1
"GO:0030371","GO:0030371","translation repressor activity","1/385","29/28404",0.326968587257814,0.575230034914419,0.547896496072332,"Patl2",1
"GO:0031210","GO:0031210","phosphatidylcholine binding","1/385","29/28404",0.326968587257814,0.575230034914419,0.547896496072332,"Rasgrp1",1
"GO:0043236","GO:0043236","laminin binding","1/385","29/28404",0.326968587257814,0.575230034914419,0.547896496072332,"Itga7",1
"GO:0043325","GO:0043325","phosphatidylinositol-3,4-bisphosphate binding","1/385","29/28404",0.326968587257814,0.575230034914419,0.547896496072332,"Gab2",1
"GO:0045499","GO:0045499","chemorepellent activity","1/385","29/28404",0.326968587257814,0.575230034914419,0.547896496072332,"Sema4f",1
"GO:0097472","GO:0097472","cyclin-dependent protein kinase activity","1/385","29/28404",0.326968587257814,0.575230034914419,0.547896496072332,"Cdk19",1
"GO:0140030","GO:0140030","modification-dependent protein binding","4/385","213/28404",0.327205748605165,0.575230034914419,0.547896496072332,"Jarid2/Phf1/Mindy2/Cbx2",4
"GO:0050660","GO:0050660","flavin adenine dinucleotide binding","2/385","87/28404",0.33038789765361,0.578764615038594,0.551263121504904,"Xdh/Fmo5",2
"GO:0005251","GO:0005251","delayed rectifier potassium channel activity","1/385","30/28404",0.33610046721925,0.582574143180034,0.554891630090508,"Kcna2",1
"GO:0051393","GO:0051393","alpha-actinin binding","1/385","30/28404",0.33610046721925,0.582574143180034,0.554891630090508,"Pdlim2",1
"GO:0051861","GO:0051861","glycolipid binding","1/385","30/28404",0.33610046721925,0.582574143180034,0.554891630090508,"Clec4e",1
"GO:0004497","GO:0004497","monooxygenase activity","3/385","152/28404",0.33977398681518,0.583035109169336,0.555330692091825,"Cyp2d22/Fmo5/Cyp2s1",3
"GO:0019838","GO:0019838","growth factor binding","3/385","152/28404",0.33977398681518,0.583035109169336,0.555330692091825,"Acvr2b/Il6ra/Itgb3",3
"GO:0043130","GO:0043130","ubiquitin binding","2/385","89/28404",0.340279705901016,0.583035109169336,0.555330692091825,"Hspb1/Jarid2",2
"GO:1901681","GO:1901681","sulfur compound binding","5/385","284/28404",0.341412728698542,0.583035109169336,0.555330692091825,"Lxn/Cxcl10/Hacl1/Smoc1/Colq",5
"GO:0004364","GO:0004364","glutathione transferase activity","1/385","31/28404",0.345108760731641,0.583035109169336,0.555330692091825,"Gsto2",1
"GO:0008187","GO:0008187","poly-pyrimidine tract binding","1/385","31/28404",0.345108760731641,0.583035109169336,0.555330692091825,"Patl2",1
"GO:0005546","GO:0005546","phosphatidylinositol-4,5-bisphosphate binding","2/385","90/28404",0.345208750906601,0.583035109169336,0.555330692091825,"Myo1b/Sytl2",2
"GO:0042578","GO:0042578","phosphoric ester hydrolase activity","6/385","353/28404",0.345808273252258,0.583035109169336,0.555330692091825,"Pde5a/Samhd1/Cnp/Cdc25b/Dusp19/Pde9a",6
"GO:0030291","GO:0030291","protein serine/threonine kinase inhibitor activity","1/385","32/28404",0.35399513605742,0.590521510279129,0.562461357542661,"Hspb1",1
"GO:0030515","GO:0030515","snoRNA binding","1/385","32/28404",0.35399513605742,0.590521510279129,0.562461357542661,"Nudt16",1
"GO:0051059","GO:0051059","NF-kappaB binding","1/385","32/28404",0.35399513605742,0.590521510279129,0.562461357542661,"Nfkbia",1
"GO:0051213","GO:0051213","dioxygenase activity","2/385","92/28404",0.355030138771055,0.590521510279129,0.562461357542661,"Aloxe3/Haao",2
"GO:0015079","GO:0015079","potassium ion transmembrane transporter activity","3/385","157/28404",0.358253908439946,0.593883995870247,0.56566406595781,"Slc12a8/Kcna2/Slc12a6",3
"GO:0042974","GO:0042974","nuclear retinoic acid receptor binding","1/385","33/28404",0.362761238997569,0.597346840215996,0.568962364322502,"Rarg",1
"GO:0050681","GO:0050681","nuclear androgen receptor binding","1/385","33/28404",0.362761238997569,0.597346840215996,0.568962364322502,"Ar",1
"GO:0004843","GO:0004843","cysteine-type deubiquitinase activity","2/385","94/28404",0.364798822348798,0.598706372891383,0.570257295296076,"Usp35/Mindy2",2
"GO:0019213","GO:0019213","deacetylase activity","1/385","34/28404",0.371408693193259,0.603539126439046,0.574860408093445,"Amdhd2",1
"GO:0019956","GO:0019956","chemokine binding","1/385","34/28404",0.371408693193259,0.603539126439046,0.574860408093445,"Itgb3",1
"GO:0043425","GO:0043425","bHLH transcription factor binding","1/385","34/28404",0.371408693193259,0.603539126439046,0.574860408093445,"Id3",1
"GO:0020037","GO:0020037","heme binding","3/385","161/28404",0.372986988521389,0.604116630588742,0.575410470643869,"Cyb5d2/Cyp2d22/Cyp2s1",3
"GO:0008013","GO:0008013","beta-catenin binding","2/385","97/28404",0.379343741102449,0.607410730126814,0.578548042545677,"Calcoco1/Ar",2
"GO:0001530","GO:0001530","lipopolysaccharide binding","1/385","35/28404",0.379939100423453,0.607410730126814,0.578548042545677,"Tlr2",1
"GO:0008198","GO:0008198","ferrous iron binding","1/385","35/28404",0.379939100423453,0.607410730126814,0.578548042545677,"Haao",1
"GO:0016776","GO:0016776","phosphotransferase activity, phosphate group as acceptor","1/385","35/28404",0.379939100423453,0.607410730126814,0.578548042545677,"Nme7",1
"GO:0008509","GO:0008509","anion transmembrane transporter activity","5/385","300/28404",0.384258292990399,0.61233418302341,0.583237544878466,"Apol7c/Slc12a8/Slc37a2/Slc26a11/Slc12a6",5
"GO:0005484","GO:0005484","SNAP receptor activity","1/385","36/28404",0.388354040898512,0.614255819227718,0.58506786958191,"Vamp1",1
"GO:0008022","GO:0008022","protein C-terminus binding","4/385","233/28404",0.388530853099645,0.614255819227718,0.58506786958191,"Cacna1b/Calcoco1/Akap7/Pias3",4
"GO:0004725","GO:0004725","protein tyrosine phosphatase activity","2/385","100/28404",0.393747186670507,0.614255819227718,0.58506786958191,"Cdc25b/Dusp19",2
"GO:0051117","GO:0051117","ATPase binding","2/385","100/28404",0.393747186670507,0.614255819227718,0.58506786958191,"Fxyd7/Ar",2
"GO:0101005","GO:0101005","deubiquitinase activity","2/385","100/28404",0.393747186670507,0.614255819227718,0.58506786958191,"Usp35/Mindy2",2
"GO:0017080","GO:0017080","sodium channel regulator activity","1/385","37/28404",0.396655073549883,0.614255819227718,0.58506786958191,"Fxyd7",1
"GO:0070330","GO:0070330","aromatase activity","1/385","37/28404",0.396655073549883,0.614255819227718,0.58506786958191,"Cyp2s1",1
"GO:0071855","GO:0071855","neuropeptide receptor binding","1/385","37/28404",0.396655073549883,0.614255819227718,0.58506786958191,"Agrp",1
"GO:0097718","GO:0097718","disordered domain specific binding","1/385","37/28404",0.396655073549883,0.614255819227718,0.58506786958191,"Hspa1a",1
"GO:0005096","GO:0005096","GTPase activator activity","4/385","237/28404",0.400745596633557,0.616921930678812,0.587607293870507,"Arhgap22/Tbc1d10c/Tbc1d30/Depdc1b",4
"GO:0061629","GO:0061629","RNA polymerase II-specific DNA-binding transcription factor binding","6/385","376/28404",0.401169120174925,0.616921930678812,0.587607293870507,"Nfkbia/Rarg/Hspb1/Tbx6/Add1/Ar",6
"GO:0015144","GO:0015144","carbohydrate transmembrane transporter activity","1/385","38/28404",0.404843736315889,0.616921930678812,0.587607293870507,"Slc5a10",1
"GO:0051721","GO:0051721","protein phosphatase 2A binding","1/385","38/28404",0.404843736315889,0.616921930678812,0.587607293870507,"Cacna1b",1
"GO:0070717","GO:0070717","poly-purine tract binding","1/385","38/28404",0.404843736315889,0.616921930678812,0.587607293870507,"Patl2",1
"GO:0046906","GO:0046906","tetrapyrrole binding","3/385","170/28404",0.40586969123606,0.616921930678812,0.587607293870507,"Cyb5d2/Cyp2d22/Cyp2s1",3
"GO:0099094","GO:0099094","ligand-gated cation channel activity","2/385","104/28404",0.412711048565221,0.620009859979671,0.590548492245712,"Grin2c/Tpcn1",2
"GO:0019205","GO:0019205","nucleobase-containing compound kinase activity","1/385","39/28404",0.412921546423708,0.620009859979671,0.590548492245712,"Nme7",1
"GO:0030159","GO:0030159","signaling receptor complex adaptor activity","1/385","39/28404",0.412921546423708,0.620009859979671,0.590548492245712,"Gab2",1
"GO:0051539","GO:0051539","4 iron, 4 sulfur cluster binding","1/385","39/28404",0.412921546423708,0.620009859979671,0.590548492245712,"Cdk5rap1",1
"GO:0001618","GO:0001618","virus receptor activity","1/385","40/28404",0.42089000066756,0.624383364353678,0.594714178278487,"Tyro3",1
"GO:0016893","GO:0016893","endonuclease activity, active with either ribo- or deoxyribonucleic acids and producing 5'-phosphomonoesters","1/385","40/28404",0.42089000066756,0.624383364353678,0.594714178278487,"Nudt16",1
"GO:0042805","GO:0042805","actinin binding","1/385","40/28404",0.42089000066756,0.624383364353678,0.594714178278487,"Pdlim2",1
"GO:0045505","GO:0045505","dynein intermediate chain binding","1/385","40/28404",0.42089000066756,0.624383364353678,0.594714178278487,"Dnah9",1
"GO:0031625","GO:0031625","ubiquitin protein ligase binding","5/385","315/28404",0.424320904119267,0.624786974594365,0.595098609937527,"Nfkbia/Hspa1b/Hspa1a/Apbb1/Pdlim2",5
"GO:0004180","GO:0004180","carboxypeptidase activity","1/385","41/28404",0.428750575683178,0.624786974594365,0.595098609937527,"Mindy2",1
"GO:0008138","GO:0008138","protein tyrosine/serine/threonine phosphatase activity","1/385","41/28404",0.428750575683178,0.624786974594365,0.595098609937527,"Dusp19",1
"GO:0042056","GO:0042056","chemoattractant activity","1/385","41/28404",0.428750575683178,0.624786974594365,0.595098609937527,"Cxcl10",1
"GO:0043548","GO:0043548","phosphatidylinositol 3-kinase binding","1/385","41/28404",0.428750575683178,0.624786974594365,0.595098609937527,"Tyro3",1
"GO:0140272","GO:0140272","exogenous protein binding","1/385","41/28404",0.428750575683178,0.624786974594365,0.595098609937527,"Tyro3",1
"GO:0004712","GO:0004712","protein serine/threonine/tyrosine kinase activity","1/385","42/28404",0.436504728218593,0.630506829649079,0.600546671325673,"Acvr2b",1
"GO:0008188","GO:0008188","neuropeptide receptor activity","1/385","42/28404",0.436504728218593,0.630506829649079,0.600546671325673,"Gpr83",1
"GO:0071949","GO:0071949","FAD binding","1/385","42/28404",0.436504728218593,0.630506829649079,0.600546671325673,"Xdh",1
"GO:0004864","GO:0004864","protein phosphatase inhibitor activity","1/385","43/28404",0.444153895401297,0.639280762930873,0.608903688536331,"2810408A11Rik",1
"GO:0032182","GO:0032182","ubiquitin-like protein binding","2/385","111/28404",0.445167170947815,0.639280762930873,0.608903688536331,"Hspb1/Jarid2",2
"GO:0004715","GO:0004715","non-membrane spanning protein tyrosine kinase activity","1/385","44/28404",0.451699495001822,0.641205604973851,0.61073706674475,"Peak1",1
"GO:0005272","GO:0005272","sodium channel activity","1/385","44/28404",0.451699495001822,0.641205604973851,0.61073706674475,"Tpcn1",1
"GO:0043014","GO:0043014","alpha-tubulin binding","1/385","44/28404",0.451699495001822,0.641205604973851,0.61073706674475,"Trpv4",1
"GO:0048487","GO:0048487","beta-tubulin binding","1/385","44/28404",0.451699495001822,0.641205604973851,0.61073706674475,"Trpv4",1
"GO:0031490","GO:0031490","chromatin DNA binding","2/385","113/28404",0.454256708987182,0.642988006417387,0.612434772786218,"Thrb/Thra",2
"GO:0015036","GO:0015036","disulfide oxidoreductase activity","1/385","45/28404",0.459142925693793,0.648047443693525,0.617253797850002,"Gsto2",1
"GO:0004540","GO:0004540","ribonuclease activity","2/385","115/28404",0.463260468180281,0.650868734479951,0.619941027727548,"Rnasel/Nudt16",2
"GO:0032266","GO:0032266","phosphatidylinositol-3-phosphate binding","1/385","46/28404",0.466485567310489,0.650868734479951,0.619941027727548,"Rufy4",1
"GO:0050661","GO:0050661","NADP binding","1/385","46/28404",0.466485567310489,0.650868734479951,0.619941027727548,"Fmo5",1
"GO:0035064","GO:0035064","methylated histone binding","2/385","116/28404",0.467729556154621,0.650868734479951,0.619941027727548,"Phf1/Cbx2",2
"GO:0140034","GO:0140034","methylation-dependent protein binding","2/385","116/28404",0.467729556154621,0.650868734479951,0.619941027727548,"Phf1/Cbx2",2
"GO:0044389","GO:0044389","ubiquitin-like protein ligase binding","5/385","332/28404",0.469103186863518,0.650946557052185,0.620015152359529,"Nfkbia/Hspa1b/Hspa1a/Apbb1/Pdlim2",5
"GO:0016887","GO:0016887","ATP hydrolysis activity","4/385","261/28404",0.472790986765618,0.65187191605125,0.620896540538906,"Hspa1b/Hspa1a/Katnal1/Hspa4l",4
"GO:0005048","GO:0005048","signal sequence binding","1/385","47/28404",0.473728781097973,0.65187191605125,0.620896540538906,"Nfkbia",1
"GO:1901682","GO:1901682","sulfur compound transmembrane transporter activity","1/385","47/28404",0.473728781097973,0.65187191605125,0.620896540538906,"Slc26a11",1
"GO:0008392","GO:0008392","arachidonic acid epoxygenase activity","1/385","48/28404",0.480873909964823,0.656396234712231,0.625205874528803,"Cyp2s1",1
"GO:0019212","GO:0019212","phosphatase inhibitor activity","1/385","48/28404",0.480873909964823,0.656396234712231,0.625205874528803,"2810408A11Rik",1
"GO:0000149","GO:0000149","SNARE binding","2/385","119/28404",0.481002908837707,0.656396234712231,0.625205874528803,"Vamp1/Tpcn1",2
"GO:0015459","GO:0015459","potassium channel regulator activity","1/385","49/28404",0.487922278728526,0.664004423393641,0.632452540500656,"Pias3",1
"GO:0004519","GO:0004519","endonuclease activity","2/385","122/28404",0.494071065070181,0.667946300582314,0.636207109227135,"Rnasel/Nudt16",2
"GO:0030165","GO:0030165","PDZ domain binding","2/385","122/28404",0.494071065070181,0.667946300582314,0.636207109227135,"Grin2c/Sntb1",2
"GO:0051879","GO:0051879","Hsp90 protein binding","1/385","50/28404",0.494875194358556,0.667946300582314,0.636207109227135,"Gbp2",1
"GO:0001046","GO:0001046","core promoter sequence-specific DNA binding","1/385","51/28404",0.501733946216212,0.669319012871803,0.637514593551451,"Egr1",1
"GO:0001222","GO:0001222","transcription corepressor binding","1/385","51/28404",0.501733946216212,0.669319012871803,0.637514593551451,"Phf1",1
"GO:0008374","GO:0008374","O-acyltransferase activity","1/385","51/28404",0.501733946216212,0.669319012871803,0.637514593551451,"Mboat2",1
"GO:0019894","GO:0019894","kinesin binding","1/385","51/28404",0.501733946216212,0.669319012871803,0.637514593551451,"Kcna2",1
"GO:0003697","GO:0003697","single-stranded DNA binding","2/385","124/28404",0.502666708047447,0.669319012871803,0.637514593551451,"Samhd1/Fam111a",2
"GO:0030170","GO:0030170","pyridoxal phosphate binding","1/385","52/28404",0.508499806291222,0.675265871795332,0.643178872134058,"Pygl",1
"GO:0030374","GO:0030374","nuclear receptor coactivator activity","1/385","53/28404",0.515174029435193,0.680470509467876,0.648136198022886,"Calcoco1",1
"GO:0070279","GO:0070279","vitamin B6 binding","1/385","53/28404",0.515174029435193,0.680470509467876,0.648136198022886,"Pygl",1
"GO:0005085","GO:0005085","guanyl-nucleotide exchange factor activity","3/385","202/28404",0.517489616378746,0.681706321309601,0.649313287077331,"Rasgrp1/Plekhg2/Sh3bp5",3
"GO:0051018","GO:0051018","protein kinase A binding","1/385","55/28404",0.528252500024625,0.692192931066751,0.659301598522987,"Akap7",1
"GO:1901505","GO:1901505","carbohydrate derivative transmembrane transporter activity","1/385","55/28404",0.528252500024625,0.692192931066751,0.659301598522987,"Slc37a2",1
"GO:0048020","GO:0048020","CCR chemokine receptor binding","1/385","56/28404",0.534659173540112,0.69749889277213,0.664355433771878,"Ccl27a",1
"GO:0060090","GO:0060090","molecular adaptor activity","6/385","433/28404",0.53512566874623,0.69749889277213,0.664355433771878,"Gab2/Sarm1/Vamp1/Ston1/Klhdc1/Dusp19",6
"GO:0031593","GO:0031593","polyubiquitin modification-dependent protein binding","1/385","57/28404",0.540979062709967,0.703272781522957,0.669854961305693,"Mindy2",1
"GO:0042826","GO:0042826","histone deacetylase binding","2/385","134/28404",0.544203739544724,0.705607998254839,0.672079214191163,"Hspa1b/Hspa1a",2
"GO:0019842","GO:0019842","vitamin binding","2/385","136/28404",0.552216647620992,0.711802474920788,0.677979344320461,"Hacl1/Pygl",2
"GO:1904315","GO:1904315","transmitter-gated ion channel activity involved in regulation of postsynaptic membrane potential","1/385","59/28404",0.553363162429332,0.711802474920788,0.677979344320461,"Grin2c",1
"GO:0015276","GO:0015276","ligand-gated ion channel activity","2/385","137/28404",0.556185739513005,0.711802474920788,0.677979344320461,"Grin2c/Tpcn1",2
"GO:0016810","GO:0016810","hydrolase activity, acting on carbon-nitrogen (but not peptide) bonds","2/385","137/28404",0.556185739513005,0.711802474920788,0.677979344320461,"Amdhd2/Amdhd1",2
"GO:0099106","GO:0099106","ion channel regulator activity","2/385","137/28404",0.556185739513005,0.711802474920788,0.677979344320461,"Fxyd7/Pias3",2
"GO:0008146","GO:0008146","sulfotransferase activity","1/385","60/28404",0.559429670895188,0.712263550057276,0.678418510282553,"Chst10",1
"GO:0140678","GO:0140678","molecular function inhibitor activity","1/385","60/28404",0.559429670895188,0.712263550057276,0.678418510282553,"Id3",1
"GO:0022834","GO:0022834","ligand-gated channel activity","2/385","139/28404",0.564048901049305,0.712537019610738,0.678678985224803,"Grin2c/Tpcn1",2
"GO:0008235","GO:0008235","metalloexopeptidase activity","1/385","61/28404",0.56541399127006,0.712537019610738,0.678678985224803,"Nudt16",1
"GO:0022824","GO:0022824","transmitter-gated ion channel activity","1/385","61/28404",0.56541399127006,0.712537019610738,0.678678985224803,"Grin2c",1
"GO:0022835","GO:0022835","transmitter-gated channel activity","1/385","61/28404",0.56541399127006,0.712537019610738,0.678678985224803,"Grin2c",1
"GO:0001098","GO:0001098","basal transcription machinery binding","1/385","62/28404",0.571317234164638,0.714508135891977,0.680556438831693,"Ar",1
"GO:0001099","GO:0001099","basal RNA polymerase II transcription machinery binding","1/385","62/28404",0.571317234164638,0.714508135891977,0.680556438831693,"Ar",1
"GO:0099529","GO:0099529","neurotransmitter receptor activity involved in regulation of postsynaptic membrane potential","1/385","62/28404",0.571317234164638,0.714508135891977,0.680556438831693,"Grin2c",1
"GO:0042393","GO:0042393","histone binding","4/385","298/28404",0.576580617703717,0.716350262911937,0.682311032434766,"Apbb1/Jarid2/Phf1/Cbx2",4
"GO:0016765","GO:0016765","transferase activity, transferring alkyl or aryl (other than methyl) groups","1/385","63/28404",0.577140495220548,0.716350262911937,0.682311032434766,"Gsto2",1
"GO:0030145","GO:0030145","manganese ion binding","1/385","63/28404",0.577140495220548,0.716350262911937,0.682311032434766,"Nudt16",1
"GO:0004175","GO:0004175","endopeptidase activity","6/385","453/28404",0.57921214216848,0.717119795065738,0.683043998283368,"Prss12/Ctso/Capn2/Usp35/Try5/Tll2",6
"GO:0003777","GO:0003777","microtubule motor activity","1/385","64/28404",0.582884855311585,0.718067627241704,0.68394679176868,"Dnah9",1
"GO:0004521","GO:0004521","endoribonuclease activity","1/385","64/28404",0.582884855311585,0.718067627241704,0.68394679176868,"Nudt16",1
"GO:0015081","GO:0015081","sodium ion transmembrane transporter activity","2/385","146/28404",0.590777853668747,0.724179304497173,0.689768056915057,"Slc5a10/Tpcn1",2
"GO:0016247","GO:0016247","channel regulator activity","2/385","146/28404",0.590777853668747,0.724179304497173,0.689768056915057,"Fxyd7/Pias3",2
"GO:0016903","GO:0016903","oxidoreductase activity, acting on the aldehyde or oxo group of donors","1/385","66/28404",0.594141123443624,0.726499294507798,0.691977806616207,"Fmo5",1
"GO:0016705","GO:0016705","oxidoreductase activity, acting on paired donors, with incorporation or reduction of molecular oxygen","3/385","228/28404",0.59932298882543,0.729629630187954,0.694959396322215,"Cyp2d22/Fmo5/Cyp2s1",3
"GO:0001786","GO:0001786","phosphatidylserine binding","1/385","67/28404",0.599655121166618,0.729629630187954,0.694959396322215,"Sytl2",1
"GO:0005201","GO:0005201","extracellular matrix structural constituent","2/385","150/28404",0.605496175313368,0.733740198742802,0.698874640609488,"Colq/Spock2",2
"GO:0009055","GO:0009055","electron transfer activity","1/385","69/28404",0.610459962921643,0.733740198742802,0.698874640609488,"Xdh",1
"GO:0015370","GO:0015370","solute:sodium symporter activity","1/385","69/28404",0.610459962921643,0.733740198742802,0.698874640609488,"Slc5a10",1
"GO:0045296","GO:0045296","cadherin binding","1/385","69/28404",0.610459962921643,0.733740198742802,0.698874640609488,"Pkp3",1
"GO:1990756","GO:1990756","ubiquitin ligase-substrate adaptor activity","1/385","69/28404",0.610459962921643,0.733740198742802,0.698874640609488,"Klhdc1",1
"GO:0045182","GO:0045182","translation regulator activity","2/385","152/28404",0.612703780171189,0.734649678166425,0.69974090377241,"Abtb1/Patl2",2
"GO:0140767","GO:0140767","enzyme-substrate adaptor activity","1/385","70/28404",0.615752813257806,0.736072141771385,0.701095775350116,"Klhdc1",1
"GO:0019902","GO:0019902","phosphatase binding","3/385","234/28404",0.616870175492618,0.736072141771385,0.701095775350116,"Cacna1b/Gab2/Sytl2",3
"GO:0005230","GO:0005230","extracellular ligand-gated ion channel activity","1/385","71/28404",0.620973931592518,0.739183427004106,0.704059219839837,"Grin2c",1
"GO:0016922","GO:0016922","nuclear receptor binding","2/385","155/28404",0.623326074444002,0.740199713402253,0.705027214768393,"Rarg/Ar",2
"GO:0140104","GO:0140104","molecular carrier activity","1/385","73/28404",0.631204837820834,0.747758249121084,0.712226587166257,"Emc9",1
"GO:0015297","GO:0015297","antiporter activity","1/385","74/28404",0.636216525987117,0.751892257984775,0.716164157935637,"Slc37a2",1
"GO:0022804","GO:0022804","active transmembrane transporter activity","5/385","403/28404",0.639810902735694,0.752335344002416,0.716586189578265,"Slc12a8/Slc37a2/Slc26a11/Slc5a10/Slc12a6",5
"GO:0016651","GO:0016651","oxidoreductase activity, acting on NAD(P)H","1/385","75/28404",0.641160283046593,0.752335344002416,0.716586189578265,"Fmo5",1
"GO:0019843","GO:0019843","rRNA binding","1/385","75/28404",0.641160283046593,0.752335344002416,0.716586189578265,"Rnasel",1
"GO:0098960","GO:0098960","postsynaptic neurotransmitter receptor activity","1/385","76/28404",0.646037027408451,0.755870476920291,0.71995334153712,"Grin2c",1
"GO:0016874","GO:0016874","ligase activity","2/385","162/28404",0.647233222140249,0.755870476920291,0.71995334153712,"Acss1/Dip2a",2
"GO:0004857","GO:0004857","enzyme inhibitor activity","5/385","415/28404",0.665101987331392,0.774906560711575,0.73808487670589,"Lxn/Hspb1/2810408A11Rik/Sh3bp5/Dusp19",5
"GO:0030971","GO:0030971","receptor tyrosine kinase binding","1/385","81/28404",0.669446845415531,0.778133509730053,0.741158488918247,"Gab2",1
"GO:0004721","GO:0004721","phosphoprotein phosphatase activity","2/385","170/28404",0.673067618621155,0.779687162484875,0.742638315854974,"Cdc25b/Dusp19",2
"GO:0016811","GO:0016811","hydrolase activity, acting on carbon-nitrogen (but not peptide) bonds, in linear amides","1/385","82/28404",0.673940118180246,0.779687162484875,0.742638315854974,"Amdhd2",1
"GO:0043021","GO:0043021","ribonucleoprotein complex binding","2/385","171/28404",0.676186829659088,0.780458630494368,0.743373125572091,"Xist/Rnasel",2
"GO:0005254","GO:0005254","chloride channel activity","1/385","83/28404",0.678372469514919,0.781156177017179,0.744037526372638,"Apol7c",1
"GO:0097110","GO:0097110","scaffold protein binding","1/385","84/28404",0.682744723292567,0.784362542573321,0.747091533198965,"Adcy5",1
"GO:0019888","GO:0019888","protein phosphatase regulator activity","1/385","88/28404",0.699648854464808,0.80191771254203,0.76381252398527,"2810408A11Rik",1
"GO:0008135","GO:0008135","translation factor activity, RNA binding","1/385","90/28404",0.707760952585832,0.808268805612286,0.769861828486452,"Abtb1",1
"GO:0004722","GO:0004722","protein serine/threonine phosphatase activity","1/385","91/28404",0.711734677006771,0.808268805612286,0.769861828486452,"Dusp19",1
"GO:0008276","GO:0008276","protein methyltransferase activity","1/385","91/28404",0.711734677006771,0.808268805612286,0.769861828486452,"Pcmtd2",1
"GO:0048029","GO:0048029","monosaccharide binding","1/385","91/28404",0.711734677006771,0.808268805612286,0.769861828486452,"Pygl",1
"GO:0002020","GO:0002020","protease binding","2/385","185/28404",0.71735313177999,0.809069513925377,0.770624489078721,"Kit/Itgb3",2
"GO:0008237","GO:0008237","metallopeptidase activity","2/385","185/28404",0.71735313177999,0.809069513925377,0.770624489078721,"Nudt16/Tll2",2
"GO:0019903","GO:0019903","protein phosphatase binding","2/385","185/28404",0.71735313177999,0.809069513925377,0.770624489078721,"Cacna1b/Gab2",2
"GO:0033293","GO:0033293","monocarboxylic acid binding","1/385","93/28404",0.719521171930826,0.809666193471134,0.771192815856802,"Pygl",1
"GO:0005253","GO:0005253","anion channel activity","1/385","94/28404",0.723335390743536,0.812108370516606,0.773518946560671,"Apol7c",1
"GO:0030246","GO:0030246","carbohydrate binding","3/385","277/28404",0.727075152167614,0.812638799309642,0.774024170661432,"Clec4e/Pygl/Lgals4",3
"GO:0005249","GO:0005249","voltage-gated potassium channel activity","1/385","95/28404",0.727097873066522,0.812638799309642,0.774024170661432,"Kcna2",1
"GO:0004896","GO:0004896","cytokine receptor activity","1/385","97/28404",0.734470418624803,0.819025703838946,0.780107584947813,"Il6ra",1
"GO:0004252","GO:0004252","serine-type endopeptidase activity","2/385","193/28404",0.738844850626229,0.822048099570624,0.782986363750414,"Prss12/Try5",2
"GO:0042277","GO:0042277","peptide binding","4/385","377/28404",0.753896690227088,0.836910033645352,0.797142094693101,"Nfkbia/Tlr2/Gprasp2/Apbb1",4
"GO:0004518","GO:0004518","nuclease activity","2/385","200/28404",0.756492803852237,0.83790906973768,0.798093659008615,"Rnasel/Nudt16",2
"GO:0008168","GO:0008168","methyltransferase activity","2/385","201/28404",0.758928252003474,0.838726077158202,0.798871844214183,"Mettl27/Pcmtd2",2
"GO:0004222","GO:0004222","metalloendopeptidase activity","1/385","106/28404",0.765264165117818,0.841961019082855,0.801953069529163,"Tll2",1
"GO:0019208","GO:0019208","phosphatase regulator activity","1/385","106/28404",0.765264165117818,0.841961019082855,0.801953069529163,"2810408A11Rik",1
"GO:0072341","GO:0072341","modified amino acid binding","1/385","108/28404",0.771608083282193,0.845176038007546,0.805015318536913,"Sytl2",1
"GO:0090079","GO:0090079","translation regulator activity, nucleic acid binding","1/385","108/28404",0.771608083282193,0.845176038007546,0.805015318536913,"Abtb1",1
"GO:0030594","GO:0030594","neurotransmitter receptor activity","1/385","111/28404",0.780804747380989,0.852934722337731,0.812405328968604,"Grin2c",1
"GO:0008236","GO:0008236","serine-type peptidase activity","2/385","211/28404",0.782144593560713,0.852934722337731,0.812405328968604,"Prss12/Try5",2
"GO:0000287","GO:0000287","magnesium ion binding","2/385","213/28404",0.786545989879794,0.854443707739474,0.813842611036746,"Hacl1/Nudt16",2
"GO:0046982","GO:0046982","protein heterodimerization activity","3/385","307/28404",0.788143828647936,0.854443707739474,0.813842611036746,"Ticam2/Add1/H2bc21",3
"GO:0016741","GO:0016741","transferase activity, transferring one-carbon groups","2/385","214/28404",0.788717268682591,0.854443707739474,0.813842611036746,"Mettl27/Pcmtd2",2
"GO:0017171","GO:0017171","serine hydrolase activity","2/385","216/28404",0.79300161926822,0.857205251462802,0.816472932887008,"Prss12/Try5",2
"GO:0005267","GO:0005267","potassium channel activity","1/385","121/28404",0.808874444801249,0.8714547957804,0.830045373351457,"Kcna2",1
"GO:0016747","GO:0016747","acyltransferase activity, transferring groups other than amino-acyl groups","2/385","225/28404",0.811345886517764,0.8714547957804,0.830045373351457,"Mboat2/Elovl7",2
"GO:0016779","GO:0016779","nucleotidyltransferase activity","1/385","122/28404",0.811476125625473,0.8714547957804,0.830045373351457,"Oas1c",1
"GO:0005496","GO:0005496","steroid binding","1/385","124/28404",0.816573992380501,0.875027228277587,0.833448052503902,"Ar",1
"GO:1990782","GO:1990782","protein tyrosine kinase binding","1/385","126/28404",0.821534356299928,0.878437168857499,0.836695960961649,"Gab2",1
"GO:0005179","GO:0005179","hormone activity","1/385","132/28404",0.835626931456239,0.891576034858277,0.849210499854357,"Agrp",1
"GO:0140375","GO:0140375","immune receptor activity","1/385","136/28404",0.844399693463234,0.898994501230253,0.856276458661673,"Il6ra",1
"GO:0016746","GO:0016746","acyltransferase activity","2/385","254/28404",0.860970410741142,0.914314779113574,0.870868754024649,"Mboat2/Elovl7",2
"GO:0033218","GO:0033218","amide binding","4/385","452/28404",0.86360281329781,0.914314779113574,0.870868754024649,"Nfkbia/Tlr2/Gprasp2/Apbb1",4
"GO:0008528","GO:0008528","G protein-coupled peptide receptor activity","1/385","146/28404",0.864342109000079,0.914314779113574,0.870868754024649,"Gpr83",1
"GO:0044325","GO:0044325","transmembrane transporter binding","1/385","148/28404",0.868013523006023,0.916236496506358,0.872699156058687,"Fhl4",1
"GO:0043177","GO:0043177","organic acid binding","1/385","152/28404",0.875061686181075,0.918686602552711,0.875032838996509,"Id3",1
"GO:0001653","GO:0001653","peptide receptor activity","1/385","153/28404",0.876764264788617,0.918686602552711,0.875032838996509,"Gpr83",1
"GO:0008757","GO:0008757","S-adenosylmethionine-dependent methyltransferase activity","1/385","153/28404",0.876764264788617,0.918686602552711,0.875032838996509,"Pcmtd2",1
"GO:0016791","GO:0016791","phosphatase activity","2/385","266/28404",0.877773434017974,0.918686602552711,0.875032838996509,"Cdc25b/Dusp19",2
"GO:0008017","GO:0008017","microtubule binding","2/385","268/28404",0.880385169395035,0.919472037380861,0.87578095186287,"Katnal1/Trpv4",2
"GO:0003735","GO:0003735","structural constituent of ribosome","1/385","164/28404",0.894032214173857,0.93175509240904,0.887480345848798,"Mrpl49",1
"GO:0003729","GO:0003729","mRNA binding","3/385","386/28404",0.896781843400634,0.93265311713666,0.888335698615144,"Nxf2/Khdrbs3/Nudt16",3
"GO:0003712","GO:0003712","transcription coregulator activity","4/385","490/28404",0.901104884598735,0.933808944715473,0.889436604065238,"Lpxn/Hspa1a/Calcoco1/Pias3",4
"GO:0031267","GO:0031267","small GTPase binding","2/385","286/28404",0.901673819087612,0.933808944715473,0.889436604065238,"Tbc1d30/Sytl2",2
"GO:0031406","GO:0031406","carboxylic acid binding","1/385","183/28404",0.918366496734776,0.94910679788071,0.904007540278452,"Pygl",1
"GO:0008514","GO:0008514","organic anion transmembrane transporter activity","1/385","187/28404",0.922731074395856,0.951626619523074,0.906407626095918,"Slc37a2",1
"GO:0003714","GO:0003714","transcription corepressor activity","1/385","191/28404",0.92686287129827,0.953896371711136,0.908569525154225,"Hspa1a",1
"GO:0016758","GO:0016758","hexosyltransferase activity","1/385","194/28404",0.929816431725304,0.954946605555717,0.909569854428736,"Pygl",1
"GO:0051020","GO:0051020","GTPase binding","2/385","322/28404",0.934074798249807,0.957329772480093,0.911839779029622,"Tbc1d30/Sytl2",2
"GO:0004674","GO:0004674","protein serine/threonine kinase activity","3/385","441/28404",0.939625644474778,0.961024986274411,0.915359405209166,"Acvr2b/Pdk2/Cdk19",3
"GO:0061659","GO:0061659","ubiquitin-like protein ligase activity","2/385","339/28404",0.945591064949968,0.965128070424141,0.919267520732135,"Rnf122/Pias3",2
"GO:0004866","GO:0004866","endopeptidase inhibitor activity","1/385","216/28404",0.948132881133823,0.965727099546616,0.919838085440736,"Lxn",1
"GO:0030414","GO:0030414","peptidase inhibitor activity","1/385","224/28404",0.95353720575136,0.96923329144274,0.923177671585137,"Lxn",1
"GO:0061135","GO:0061135","endopeptidase regulator activity","1/385","232/28404",0.958379732892114,0.972155211598983,0.925960749168432,"Lxn",1
"GO:0140098","GO:0140098","catalytic activity, acting on RNA","2/385","371/28404",0.962278659420847,0.974109954413726,0.927822607336321,"Rnasel/Nudt16",2
"GO:0015631","GO:0015631","tubulin binding","2/385","382/28404",0.966786639934757,0.97667198390137,0.930262895384429,"Katnal1/Trpv4",2
"GO:0003713","GO:0003713","transcription coactivator activity","1/385","261/28404",0.972080120163017,0.979889190089273,0.933327227721937,"Calcoco1",1
"GO:0061134","GO:0061134","peptidase regulator activity","1/385","266/28404",0.973938446019905,0.979889190089273,0.933327227721937,"Lxn",1
"GO:0019787","GO:0019787","ubiquitin-like protein transferase activity","2/385","447/28404",0.98453512733,0.98853730264435,0.941564402902247,"Rnf122/Pias3",2
"GO:0061630","GO:0061630","ubiquitin protein ligase activity","1/385","327/28404",0.988763598511236,0.99076920418773,0.943690249886885,"Rnf122",1
"GO:0004842","GO:0004842","ubiquitin-protein transferase activity","1/385","424/28404",0.997062520193071,0.997062520193071,0.94968452274942,"Rnf122",1
